slug,alt text of the original Wix image
a-beginners-guide-to-sound-equipment-rentals,"A close-up on two monitors with various sound equipment, levers, and components in front of them. A light shines down on them."
a-beginners-guide-to-sound-equipment-rentals,A close-up of a hand turning a dial on a large sound mixer with various cords in different colors plugged in behind it.
a-beginners-guide-to-sound-equipment-rentals,"Focus on a DJ soundboard set up at a wedding, where you can see people sitting at white tables and chairs in the background."
ambient-light-rejecting-projector-screen-rental-dallas,
benefits-of-hiring-a-dj-who-provides-their-own-equipment,A view of a fancy event with several tables and people sitting on either side of a hall from a DJ sound table.
benefits-of-hiring-a-dj-who-provides-their-own-equipment,A close-up of a man's hand on the base of a sound mixer set up among other audio equipment at an event.
benefits-of-hiring-a-dj-who-provides-their-own-equipment,A hand tapping a smartphone that shows a calendar scheduling an event. A computer in the background also shows a calendar.
common-corporate-event-av-mistakes-to-avoid,A corporate event with a presenter standing on stage in front of a projector with charts and graphs and an audience in front.
common-corporate-event-av-mistakes-to-avoid,"A close-up of someone typing on a calculator and holding a pen in the other hand, sitting at a table with documents."
common-corporate-event-av-mistakes-to-avoid,"A top-down view of three people sitting at a sound mixer desk, looking at a graph on a laptop computer."
custom-monogram-projector-dallas-tx,
essential-tips-for-selecting-the-best-dj-for-your-event,
essential-tips-for-selecting-the-best-dj-for-your-event,
how-av-can-enhance-themed-events-and-special-effects,"A male DJ in a black T-shirt, wearing headphones, mixes tracks on a mixer in a blue-lit room with smoke."
how-av-can-enhance-themed-events-and-special-effects,"A room with a stage featuring flowers, candles, blue and purple lighting, chandeliers, and a large screen."
how-av-can-enhance-themed-events-and-special-effects,"A person on stage and a large group of people dancing on the floor, illuminated by multicolored lights and smoke."
how-av-technology-can-make-your-wedding-unforgettable,"A wedding reception featuring a draped fabric ceiling, round tables with large floral centerpieces, and purple lighting."
how-av-technology-can-make-your-wedding-unforgettable,"A woman in a pearl necklace and strapless dress holds a small bouquet, a stack of notecards, and a microphone."
how-to-audit-event-audio-for-peak-performance,"A concert hall view from the control booth with silhouetted technicians, soundboards, stage lights, and a large screen."
how-to-audit-event-audio-for-peak-performance,"A live concert with a brightly lit stage, musicians performing, warm lighting, and a blurred soundboard view."
how-to-audit-event-audio-for-peak-performance,"A technician operates a large control console with screens, sliders, and knobs, against a backdrop of vibrant stage lighting."
how-to-choose-the-right-av-equipment-for-outdoor-events,A close-up of lighting equipment set up over a stage at an outdoor event. Waterproofing tarps cover the lights.
how-to-choose-the-right-av-equipment-for-outdoor-events,A woman rests a silver laptop on top of a stack of AV equipment boxes while talking on a cell phone.
how-to-manage-sound-at-your-next-outdoor-event,A public speaker standing on stage at an outdoor event with many people watching attentively as he addresses the crowd.
how-to-manage-sound-at-your-next-outdoor-event,A sound speaker attached to the vertical wooden beam of a stage. It's pointing down with a cover over it.
integrating-av-technology-into-corporate-training-sessions,Audience members at desks listen to a speaker holding a microphone and presenting on a large screen.
integrating-av-technology-into-corporate-training-sessions,Audience members in professional attire listen to a speaker holding a microphone and presenting on two screens.
integrating-av-technology-into-corporate-training-sessions,Audience members sit in blue chairs in a conference room while a speaker presents on two large screens.
laser-light-show-rental-in-dallas-tx-for-weddings-corporate-events-and-private-parties,
plane-flew-over-wedding-ceremony-dallas,
planning-the-perfect-event-with-professional-av-services,"A projector set up on a stand in a large, darkened room in front of several rows of padded beige chairs."
planning-the-perfect-event-with-professional-av-services,"Tables with AV equipment set on them scattered throughout a white, brick room. Folding chairs sit in front of each station."
planning-the-perfect-event-with-professional-av-services,"Focus on a gray panel with red, yellow, gray, and green buttons on its front. Several monitors sit behind it."
projector-rental-dallas-tx,
the-importance-of-sound-quality-in-large-venues,"Image shows a large crowd enjoying a four-person band on a darkened stage, illuminated by various lighting effects."
the-importance-of-sound-quality-in-large-venues,"Image shows many adults sitting in a large conference room with blue carpet, listening to a speaker in front of a projection screen."
the-ultimate-checklist-for-renting-audio-visual-equipment,"A close-up of a large, black, outdoor speaker set up on a green and gray support with other supports built around it."
the-ultimate-checklist-for-renting-audio-visual-equipment,A close-up of a man sitting at a sound mixing board with various buttons and switches lit up across its surface.
tips-for-creating-the-perfect-event-atmosphere-with-lighting,Two large tents set up in the middle of a forest at night with numerous string lights illuminating the area.
tips-for-creating-the-perfect-event-atmosphere-with-lighting,A wedding reception at a banquet hall with a stage and spotlights in the distance that aim at the floor.
tips-for-creating-the-perfect-event-atmosphere-with-lighting,A stage light illuminating a dark area with a nearby support metal beam reflecting the bluish light.
tips-for-planning-a-seamless-av-rehearsal-for-your-event,"An audiovisual control desk filled with soundboards, microphones, monitors, and various other sound and visual technology."
tips-for-planning-a-seamless-av-rehearsal-for-your-event,"A close-up of a person holding a bundle of white extension cables. In the background, you can see blurry, wooden stairs."
tips-for-planning-a-seamless-av-rehearsal-for-your-event,"A man stands on stage in front of a row of standing microphones, holding and untangling a black cable."
top-av-services-couples-should-consider-for-their-big-day,"A projector screen set up on a wall with a white, draping backdrop and fairy lights hanging down across from a projector stand."
top-av-services-couples-should-consider-for-their-big-day,"A group of seven women lined up in a row wearing various costume accessories, blowing kisses at the camera."
top-features-to-look-for-in-rented-sound-systems,A close-up of a microphone on a stand in front of a sound mixing board with a pair of headphones resting on top.
top-features-to-look-for-in-rented-sound-systems,Three cases for sound system equipment on rollers in an event venue with bright lights suspended above.
top-features-to-look-for-in-rented-sound-systems,A person's hand is outstretched to adjust settings on a sound mixing board. There is a crowd of people in the background.
top-questions-to-ask-before-booking-a-dj-for-your-event,A close-up of a pair of black and white headphones resting on top of a calendar page with the 16th day circled in red.
top-questions-to-ask-before-booking-a-dj-for-your-event,A DJ in a white shirt holding a microphone while they stand at a sound station with supplies scattered around.
ultimate-guide-to-ensuring-a-seamless-av-setup,A DJ in a white shirt holds a microphone and adjusts the controls on a soundboard with pink light in the background.
ultimate-guide-to-ensuring-a-seamless-av-setup,A person in a black T-shirt and gray shorts installs sound equipment on a stage with a large screen.
ultimate-guide-to-ensuring-a-seamless-av-setup,A blonde woman in a black blazer and gray trousers holds a microphone while speaking to a group of people.
what-to-know-about-corporate-event-audio-services,A close-up of a microphone with a black handle on a stand in front of an empty room with a projector screen.
what-to-know-about-corporate-event-audio-services,The rear view of an audience at a corporate event facing the stage where a group of people sit in chairs in a row.
why-av-production-matters-for-corporate-events,A white video projector rests on a stand in the middle of a conference hall with many rows of black chairs set up behind it.
why-av-production-matters-for-corporate-events,A conference room with a projector screen on one wall and a table with several blue chairs set up in the middle of the room.
why-av-production-matters-for-corporate-events,A sound mixing board at the back of a room decorated and lit for an event. The board has several colored buttons and knobs.
why-event-sound-checks-are-worth-the-extra-time,A person in a suit jacket and blue shirt taps a microphone on a stand with their finger against a white background.
why-event-sound-checks-are-worth-the-extra-time,A brown-haired man in a gray T-shirt adjusts a microphone on a stand while holding a long black cable.
why-use-bassboss-dv12-pa-speakers-and-subwoofers-for-dallas-events,
why-use-bassboss-dv12-pa-speakers-and-subwoofers-for-dallas-events,
why-use-bassboss-dv12-pa-speakers-and-subwoofers-for-dallas-events,
